name,image
"Sidi Ali","https://images.openfoodfacts.org/images/products/611/103/500/0430/front_en.104.400.jpg"
"Perly","https://images.openfoodfacts.org/images/products/611/124/210/0992/front_fr.172.400.jpg"
"Sidi Ali","https://images.openfoodfacts.org/images/products/611/103/500/2175/front_fr.118.400.jpg"
"Eau min√©rale naturelle","https://images.openfoodfacts.org/images/products/611/103/500/0058/front_en.134.400.jpg"
"ÿßŸÉŸàÿßŸÅŸäŸÜÿß","https://images.openfoodfacts.org/images/products/611/125/242/1568/front_en.62.400.jpg"
"Lait","https://images.openfoodfacts.org/images/products/611/126/696/2187/front_fr.56.400.jpg"
"Eau De Source","https://images.openfoodfacts.org/images/products/327/408/000/5003/front_en.797.400.jpg"
"Fromage Blanc Nature","https://images.openfoodfacts.org/images/products/611/124/672/1261/front_fr.94.400.jpg"
"uht jaouda 1L","https://images.openfoodfacts.org/images/products/611/124/210/1180/front_fr.79.400.jpg"
"Jben","https://images.openfoodfacts.org/images/products/611/124/210/6949/front_fr.77.400.jpg"
"Ain Sa√Øss","https://images.openfoodfacts.org/images/products/611/112/800/0071/front_fr.62.400.jpg"
"Eau min√©ral naturelle","https://images.openfoodfacts.org/images/products/611/103/550/2828/front_fr.3.400.jpg"
"6111035000027","https://images.openfoodfacts.org/images/products/611/103/500/0027/front_en.59.400.jpg"
"Yeast Extract","https://images.openfoodfacts.org/images/products/000/005/018/4453/front_en.126.400.jpg"
"Coca Cola Original Taste","https://images.openfoodfacts.org/images/products/544/900/005/4227/front_en.406.400.jpg"
"ÿßŸÉŸàÿßŸÅŸäŸÜÿß","https://images.openfoodfacts.org/images/products/611/125/242/1582/front_ar.34.400.jpg"
"Prince Go√ªt Chocolat","https://images.openfoodfacts.org/images/products/762/221/044/9283/front_en.605.400.jpg"
"Edelbitterschokolade Mild 90%","https://images.openfoodfacts.org/images/products/304/692/002/9759/front_en.492.400.jpg"
"Extra fine dark chocolate","https://images.openfoodfacts.org/images/products/304/692/002/8004/front_en.396.400.jpg"
"Oulmes natural carbonated water","https://images.openfoodfacts.org/images/products/611/103/500/3035/front_en.61.400.jpg"
"Nutella","https://images.openfoodfacts.org/images/products/301/762/042/5035/front_en.583.400.jpg"
"Cappy PULPY","https://images.openfoodfacts.org/images/products/544/900/014/7417/front_en.73.400.jpg"
"Tonik","https://images.openfoodfacts.org/images/products/611/103/100/5064/front_fr.56.400.jpg"
"levure p√¢tisserie","https://images.openfoodfacts.org/images/products/611/118/000/0231/front_fr.117.400.jpg"
"Ain Saiss Eau Minerale Naturelle","https://images.openfoodfacts.org/images/products/611/112/800/0163/front_fr.63.400.jpg"
"S√©same","https://images.openfoodfacts.org/images/products/317/568/001/1480/front_en.221.400.jpg"
"Confiture de fraise","https://images.openfoodfacts.org/images/products/611/116/200/0839/front_fr.52.400.jpg"
"Ain Atlas","https://images.openfoodfacts.org/images/products/611/103/500/1659/front_fr.21.400.jpg"
"Yaourt nature","https://images.openfoodfacts.org/images/products/611/124/210/0206/front_en.38.400.jpg"
"Galletas fibra zero az√∫cares","https://images.openfoodfacts.org/images/products/841/037/600/9392/front_en.104.400.jpg"
"Excellence 85% Cacao Rich Dark","https://images.openfoodfacts.org/images/products/304/692/002/8363/front_en.432.400.jpg"
"Ain Atlas","https://images.openfoodfacts.org/images/products/611/103/500/1635/front_en.38.400.jpg"
"Mayonnaise recette originale","https://images.openfoodfacts.org/images/products/611/118/400/4129/front_en.55.400.jpg"
"Sourdough White Ciabattin Bread","https://images.openfoodfacts.org/images/products/502/512/500/0006/front_en.106.400.jpg"
"Ger√∂stete Mandel Ohne Zucker","https://images.openfoodfacts.org/images/products/541/118/811/2709/front_en.927.400.jpg"
"–®–æ–∫–æ–ª–∞–¥ 85% –∫–∞–∫–∞–æ–≤–∞ –º–∞—Å–∞","https://images.openfoodfacts.org/images/products/000/002/099/5553/front_en.314.400.jpg"
"CRISTALINE Eau De Source 0.5L","https://images.openfoodfacts.org/images/products/326/884/000/1008/front_fr.422.400.jpg"
"Nutella","https://images.openfoodfacts.org/images/products/301/762/042/2003/front_en.633.400.jpg"
"Proper Sourdough","https://images.openfoodfacts.org/images/products/502/512/500/0112/front_en.63.400.jpg"
"Walnusskerne naturbelassen","https://images.openfoodfacts.org/images/products/000/002/000/5733/front_en.596.400.jpg"
"Sourdough Grains & Seeds","https://images.openfoodfacts.org/images/products/502/512/500/0037/front_en.66.400.jpg"
"Cheddar","https://images.openfoodfacts.org/images/products/611/120/300/6653/front_ar.14.400.jpg"
"Almonds natural","https://images.openfoodfacts.org/images/products/000/002/072/4696/front_en.384.400.jpg"
"Sel de table iod√©","https://images.openfoodfacts.org/images/products/611/118/400/1562/front_en.18.400.jpg"
"Ketchup star 310 g","https://images.openfoodfacts.org/images/products/611/118/400/4730/front_en.51.400.jpg"
"Cosumar Sucre En Lingot Pour Le Th√© 1 kg","https://images.openfoodfacts.org/images/products/611/102/900/0118/front_fr.6.400.jpg"
"Cashewkerne","https://images.openfoodfacts.org/images/products/000/002/026/7605/front_en.503.400.jpg"
"Henry‚Äôs","https://images.openfoodfacts.org/images/products/336/260/001/1044/front_fr.50.400.jpg"
"Assil vanille","https://images.openfoodfacts.org/images/products/611/103/200/1003/front_en.61.400.jpg"
"Salim","https://images.openfoodfacts.org/images/products/611/103/200/0600/front_en.51.400.jpg"
"Coca-Cola","https://images.openfoodfacts.org/images/products/544/900/021/4911/front_fr.293.400.jpg"
"jaouda Cremy","https://images.openfoodfacts.org/images/products/611/124/210/0305/front_fr.62.400.jpg"
"Ciel","https://images.openfoodfacts.org/images/products/544/900/006/1515/front_fr.46.400.jpg"
"Ciel 33cl","https://images.openfoodfacts.org/images/products/000/004/210/4964/front_en.36.400.jpg"
"Milk chocolate bar","https://images.openfoodfacts.org/images/products/842/519/771/2024/front_en.60.400.jpg"
"ain saiss 50cl","https://images.openfoodfacts.org/images/products/611/112/800/0088/front_fr.34.400.jpg"
"Cream cheese","https://images.openfoodfacts.org/images/products/611/124/672/1278/front_en.4.400.jpg"
"Spreadable Slightly Salted","https://images.openfoodfacts.org/images/products/574/090/040/4465/front_en.30.400.jpg"
"Oulmes Eau Gazeuse","https://images.openfoodfacts.org/images/products/611/103/500/3004/front_fr.12.400.jpg"
"Organic 70% Dark Chocolate Bar","https://images.openfoodfacts.org/images/products/762/221/057/8464/front_en.29.400.jpg"
"KING COOKIES","https://images.openfoodfacts.org/images/products/611/125/934/3108/front_fr.25.400.jpg"
"Nescaf√© Classic","https://images.openfoodfacts.org/images/products/611/101/890/3161/front_fr.48.400.jpg"
"Jamila ÿ±ÿßŸäÿ®Ÿä","https://images.openfoodfacts.org/images/products/611/103/200/6619/front_fr.69.400.jpg"
"Eau","https://images.openfoodfacts.org/images/products/611/125/142/0166/front_en.51.400.jpg"
"Aquafina 50cl","https://images.openfoodfacts.org/images/products/611/125/242/1575/front_fr.19.400.jpg"
"sauce tomate cuisin√©e","https://images.openfoodfacts.org/images/products/844/529/061/5350/front_fr.18.400.jpg"
"Coke Zero","https://images.openfoodfacts.org/images/products/544/900/021/4799/front_en.326.400.jpg"
"Sable coco Henry s 42g","https://images.openfoodfacts.org/images/products/336/260/001/1228/front_fr.38.400.jpg"
"BEANZ In a rich tomato sauce","https://images.openfoodfacts.org/images/products/500/015/702/4671/front_en.408.400.jpg"
"A√Øn Atlas 50cl","https://images.openfoodfacts.org/images/products/611/103/500/1673/front_fr.3.400.jpg"
"Nussmix","https://images.openfoodfacts.org/images/products/000/002/004/7238/front_en.608.400.jpg"
"Hafer Milch","https://images.openfoodfacts.org/images/products/541/118/812/4689/front_en.455.400.jpg"
"Barista Edition Oat Drink","https://images.openfoodfacts.org/images/products/739/437/661/6228/front_en.197.400.jpg"
"Lait U.H.T entier","https://images.openfoodfacts.org/images/products/611/125/047/0742/front_fr.29.400.jpg"
"margarine la prairie 225g","https://images.openfoodfacts.org/images/products/611/120/300/1467/front_fr.24.400.jpg"
"Tartine croustillante Authentique","https://images.openfoodfacts.org/images/products/730/040/048/1595/front_fr.242.400.jpg"
"Excellence Noir Intense 70% Cacao","https://images.openfoodfacts.org/images/products/304/692/002/2651/front_en.159.400.jpg"
"Familia 200g","https://images.openfoodfacts.org/images/products/611/103/700/0599/front_fr.31.400.jpg"
"Star vinaigre de table BLANC","https://images.openfoodfacts.org/images/products/611/118/400/1661/front_fr.22.400.jpg"
"Nocciolata","https://images.openfoodfacts.org/images/products/805/257/509/0230/front_en.58.400.jpg"
"P√¢te √† tartiner noisettes et cacao","https://images.openfoodfacts.org/images/products/360/858/006/5340/front_en.50.400.jpg"
"Lightly sea salted crisps","https://images.openfoodfacts.org/images/products/506/004/264/1000/front_en.179.400.jpg"
"Weetabix","https://images.openfoodfacts.org/images/products/501/002/900/0016/front_en.44.400.jpg"
"Dark chocolate","https://images.openfoodfacts.org/images/products/762/221/058/4724/front_en.95.400.jpg"
"Eau Min√©rale Naturelle","https://images.openfoodfacts.org/images/products/305/764/025/7773/front_en.343.400.jpg"
"Filets de maquereau","https://images.openfoodfacts.org/images/products/611/116/200/1218/front_fr.16.400.jpg"
"Excellence Noir Puissant 85% Cacao","https://images.openfoodfacts.org/images/products/304/692/002/2606/front_en.102.400.jpg"
"Tartine Doux","https://images.openfoodfacts.org/images/products/315/525/120/5296/front_en.149.400.jpg"
"611251753912","https://images.openfoodfacts.org/images/products/611/125/175/3912/front_en.10.400.jpg"
"A√Øn Soltane","https://images.openfoodfacts.org/images/products/611/124/836/0130/front_fr.52.400.jpg"
"Fourr√©s Chocolat Noir","https://images.openfoodfacts.org/images/products/322/982/010/0234/front_fr.246.400.jpg"
"Confiture De Fraises 430 G","https://images.openfoodfacts.org/images/products/611/118/400/1074/front_fr.4.400.jpg"
"Extra dark 74% Cocoa","https://images.openfoodfacts.org/images/products/000/002/002/2464/front_en.301.400.jpg"
"Eau de table","https://images.openfoodfacts.org/images/products/544/900/020/6770/front_fr.4.400.jpg"
"Pur beurre de cacahu√®te","https://images.openfoodfacts.org/images/products/376/002/050/7350/front_en.257.400.jpg"
"Hawai Tropical","https://images.openfoodfacts.org/images/products/544/900/003/6872/front_en.44.400.jpg"
"Lait Entier UHT","https://images.openfoodfacts.org/images/products/611/124/210/0220/front_fr.4.400.jpg"
"Sojasauce","https://images.openfoodfacts.org/images/products/871/503/511/0106/front_en.247.400.jpg"
"Skyr nature 0%","https://images.openfoodfacts.org/images/products/332/977/007/7003/front_en.164.400.jpg"
"Organic Lightly Salted Wholegrain Low Fat Rice Cakes","https://images.openfoodfacts.org/images/products/501/366/510/0065/front_en.58.400.jpg"
"Mayonnaise","https://images.openfoodfacts.org/images/products/611/118/400/0619/front_fr.19.400.jpg"
"Green Tea","https://images.openfoodfacts.org/images/products/692/381/881/2082/front_en.5.400.jpg"
"Pain de mie grandes tranches Seigle & Graines 500g","https://images.openfoodfacts.org/images/products/376/004/979/8609/front_en.140.400.jpg"
"Nocciolata bio","https://images.openfoodfacts.org/images/products/805/257/509/0254/front_en.43.400.jpg"
"Sourdough","https://images.openfoodfacts.org/images/products/502/512/500/0129/front_en.61.400.jpg"
"FIBRES","https://images.openfoodfacts.org/images/products/730/040/048/1588/front_en.269.400.jpg"
"Krisprolls complets sans sucres ajout√©s","https://images.openfoodfacts.org/images/products/731/107/003/2611/front_en.91.400.jpg"
"14 Maxi Tranches complet sans sucres ajout√©s","https://images.openfoodfacts.org/images/products/302/933/002/2428/front_fr.180.400.jpg"
"Henry‚Äôs","https://images.openfoodfacts.org/images/products/336/260/001/1006/front_fr.31.400.jpg"
"Confiture d'abricot","https://images.openfoodfacts.org/images/products/611/116/200/0716/front_fr.19.400.jpg"
"Pesto alla Genovese","https://images.openfoodfacts.org/images/products/807/680/951/3753/front_en.347.400.jpg"
"Alpro Mandeldrink, Original 1L","https://images.openfoodfacts.org/images/products/541/118/811/0835/front_en.617.400.jpg"
"cruesly m√©lange de noix","https://images.openfoodfacts.org/images/products/316/893/001/0265/front_en.206.400.jpg"
"Momo black","https://images.openfoodfacts.org/images/products/611/125/934/1197/front_en.37.400.jpg"
"Poulain","https://images.openfoodfacts.org/images/products/000/001/625/6163/front_fr.85.400.jpg"
"Tomato Ketchup","https://images.openfoodfacts.org/images/products/000/005/045/7236/front_en.48.400.jpg"
"Tuc Original","https://images.openfoodfacts.org/images/products/541/004/100/1204/front_en.520.400.jpg"
"A√Øn Ifrane","https://images.openfoodfacts.org/images/products/611/125/142/0135/front_fr.42.400.jpg"
"ÿ≥ŸÉÿ± ÿßŸÑŸÅÿßŸÜŸäŸÑŸäŸÜ","https://images.openfoodfacts.org/images/products/611/118/000/0392/front_ar.14.400.jpg"
"Nutella","https://images.openfoodfacts.org/images/products/301/762/042/9484/front_en.373.400.jpg"
"Merendino","https://images.openfoodfacts.org/images/products/611/103/100/5552/front_en.22.400.jpg"
"Biscuits croquants au coeur onctueux de Nutella¬Æ","https://images.openfoodfacts.org/images/products/800/050/031/0427/front_fr.488.400.jpg"
"DANONE ASSIL BANANE","https://images.openfoodfacts.org/images/products/611/103/200/1010/front_fr.54.400.jpg"
"ŸÖÿßÿ±ÿ∫ÿ±ŸäŸÜ ÿßŸÑŸÖÿßÿ¶ÿØÿ©","https://images.openfoodfacts.org/images/products/611/109/900/5396/front_ar.17.400.jpg"
"1848 Chocolat en poudre","https://images.openfoodfacts.org/images/products/000/001/625/6866/front_fr.105.400.jpg"
"Jebli","https://images.openfoodfacts.org/images/products/611/120/600/0733/front_ar.98.400.jpg"
"El Baraka Confiture D'abricots 430 G","https://images.openfoodfacts.org/images/products/611/118/400/0213/front_fr.20.400.jpg"
"S. Pellegrino Water","https://images.openfoodfacts.org/images/products/800/227/001/4901/front_en.304.400.jpg"
"nutella","https://images.openfoodfacts.org/images/products/000/005/903/2823/front_fr.262.400.jpg"
"Nescaf√©","https://images.openfoodfacts.org/images/products/611/101/850/1480/front_fr.25.400.jpg"
"Primev√®re bio doux tartine & cuisson","https://images.openfoodfacts.org/images/products/315/525/035/8788/front_en.166.400.jpg"
"Vegan Bouillon powder","https://images.openfoodfacts.org/images/products/000/005/016/0884/front_en.108.400.jpg"
"Eyoo cover","https://images.openfoodfacts.org/images/products/611/125/934/0992/front_fr.8.400.jpg"
"raibi jaoda","https://images.openfoodfacts.org/images/products/611/124/210/0930/front_fr.48.400.jpg"
"La salvetat","https://images.openfoodfacts.org/images/products/306/832/012/3264/front_fr.100.400.jpg"
"Tendre nature","https://images.openfoodfacts.org/images/products/611/124/210/2781/front_fr.23.400.jpg"
"Creamy Greek Style Natural Yogurt","https://images.openfoodfacts.org/images/products/405/648/914/8739/front_en.73.400.jpg"
"Yaourt Grec Muesli","https://images.openfoodfacts.org/images/products/611/124/210/3702/front_fr.4.400.jpg"
"Tartines craquantes au sarrasin imp","https://images.openfoodfacts.org/images/products/000/000/617/5700/front_fr.90.400.jpg"
"Dark Rye Crispbread","https://images.openfoodfacts.org/images/products/501/026/500/2911/front_en.54.400.jpg"
"Danino","https://images.openfoodfacts.org/images/products/611/103/200/8453/front_fr.4.400.jpg"
"HIGH PROTEIN Caramel Pudding","https://images.openfoodfacts.org/images/products/544/900/013/1805/front_en.687.400.jpg"
"Be Nuts ! - P√¢te √† tartiner Cacahu√®te","https://images.openfoodfacts.org/images/products/360/858/012/4047/front_en.30.400.jpg"
"Pipas","https://images.openfoodfacts.org/images/products/611/121/400/4747/front_en.14.400.jpg"
"Pomme üçè üçé Noisetteü•ú","https://images.openfoodfacts.org/images/products/317/568/185/1849/front_en.216.400.jpg"
"Coca-Cola Original Taste","https://images.openfoodfacts.org/images/products/000/005/449/1472/front_en.624.400.jpg"
"Le Beurre Tendre Doux","https://images.openfoodfacts.org/images/products/345/179/098/8677/front_en.186.400.jpg"
"Weetabix","https://images.openfoodfacts.org/images/products/501/002/900/0801/front_en.70.400.jpg"
"LBEN CARTON PASTEURISER","https://images.openfoodfacts.org/images/products/611/124/210/1050/front_fr.39.400.jpg"
"Flocons avoine","https://images.openfoodfacts.org/images/products/000/002/000/3166/front_en.478.400.jpg"
"Organic Vegetable Stock Cubes","https://images.openfoodfacts.org/images/products/501/366/511/2273/front_en.62.400.jpg"
"Le bon lait","https://images.openfoodfacts.org/images/products/611/125/001/2416/front_fr.22.400.jpg"
"Boisson √† l‚Äôavoine","https://images.openfoodfacts.org/images/products/541/118/811/5366/front_en.270.400.jpg"
"Trios","https://images.openfoodfacts.org/images/products/611/125/286/0077/front_fr.11.400.jpg"
"Dalaa 550 feuilles","https://images.openfoodfacts.org/images/products/611/124/559/1063/front_en.7.400.jpg"
"Le Lait demi √©cr√©m√©","https://images.openfoodfacts.org/images/products/611/124/210/0817/front_en.36.400.jpg"
"Edelbitter 70% Cacao","https://images.openfoodfacts.org/images/products/000/002/009/5291/front_en.270.400.jpg"
"Flocons d'avoine","https://images.openfoodfacts.org/images/products/322/982/001/9307/front_fr.300.400.jpg"
"NAKED Organic Tofu","https://images.openfoodfacts.org/images/products/503/446/700/0216/front_en.64.400.jpg"
"Nutella","https://images.openfoodfacts.org/images/products/000/008/017/6800/front_en.273.400.jpg"
"Lait Frais 15 jours","https://images.openfoodfacts.org/images/products/611/112/600/3821/front_fr.20.400.jpg"
"Bahia, Eau De Table","https://images.openfoodfacts.org/images/products/611/103/500/3509/front_fr.29.400.jpg"
"Carr√© Frais","https://images.openfoodfacts.org/images/products/348/034/100/0674/front_en.123.400.jpg"
"La prairie classique","https://images.openfoodfacts.org/images/products/611/120/300/1474/front_fr.15.400.jpg"
"Crunchy oats&honey","https://images.openfoodfacts.org/images/products/841/007/680/1180/front_en.146.400.jpg"
"Nutella","https://images.openfoodfacts.org/images/products/400/840/040/1621/front_en.302.400.jpg"
"Salim","https://images.openfoodfacts.org/images/products/611/103/200/0631/front_ar.19.400.jpg"
"Kinder Bueno","https://images.openfoodfacts.org/images/products/000/008/005/2760/front_en.503.400.jpg"
"ÿ∫ŸÑÿßŸÑ ÿßŸÑŸÇŸÖÿ≠","https://images.openfoodfacts.org/images/products/611/124/210/2002/front_en.22.400.jpg"
"Figue & son","https://images.openfoodfacts.org/images/products/325/149/033/2080/front_en.125.400.jpg"
"Levure de bi√®re","https://images.openfoodfacts.org/images/products/317/568/001/5228/front_fr.294.400.jpg"
"Croustillant Chocolat","https://images.openfoodfacts.org/images/products/322/982/016/0672/front_fr.340.400.jpg"
"Coca-Cola Zero Az√∫car","https://images.openfoodfacts.org/images/products/544/900/013/1836/front_en.599.400.jpg"
"Pain De Mie Bio","https://images.openfoodfacts.org/images/products/376/004/979/0214/front_en.262.400.jpg"
"Roggen Vollkornbrot","https://images.openfoodfacts.org/images/products/000/002/000/6105/front_en.221.400.jpg"
"Bitter Extra Kraftig","https://images.openfoodfacts.org/images/products/304/692/002/8721/front_en.295.400.jpg"
"Seed Sensations Seven Seeds","https://images.openfoodfacts.org/images/products/501/000/306/4744/front_en.76.400.jpg"
"Sardines Huile d'Olive Vierge Extra","https://images.openfoodfacts.org/images/products/301/908/123/8643/front_fr.115.400.jpg"
"Coca Cola Original taste","https://images.openfoodfacts.org/images/products/544/900/000/0439/front_en.292.400.jpg"
"Huile de table √©quilibr√©e riche en vitamines A,E,D3","https://images.openfoodfacts.org/images/products/611/102/400/1516/front_fr.25.400.jpg"
"Nestl√© Dessert","https://images.openfoodfacts.org/images/products/761/303/504/0823/front_en.357.400.jpg"
"Petit beurre","https://images.openfoodfacts.org/images/products/611/125/934/2828/front_fr.21.400.jpg"
"Eau min√©rale naturelle","https://images.openfoodfacts.org/images/products/325/797/130/9114/front_fr.68.400.jpg"
"Pains au lait x10","https://images.openfoodfacts.org/images/products/325/654/000/0698/front_fr.201.400.jpg"
"Nutella","https://images.openfoodfacts.org/images/products/800/050/017/9864/front_en.178.400.jpg"
"Chocolat au lait","https://images.openfoodfacts.org/images/products/304/514/010/5502/front_fr.583.400.jpg"
"Tomato Ketchup","https://images.openfoodfacts.org/images/products/000/005/045/7250/front_en.48.400.jpg"
"Moutarde 10.50 g","https://images.openfoodfacts.org/images/products/611/118/400/1203/front_fr.60.400.jpg"
"NYC Bagels","https://images.openfoodfacts.org/images/products/502/036/401/0113/front_en.66.400.jpg"
"Coca Cola","https://images.openfoodfacts.org/images/products/000/004/210/5220/front_en.54.400.jpg"
"Kefir Natural Fermented Yogurt","https://images.openfoodfacts.org/images/products/503/658/925/2450/front_en.69.400.jpg"
"RICORE Original","https://images.openfoodfacts.org/images/products/303/371/007/3467/front_en.330.400.jpg"
"Brioche Tranch√©e Bio 400g","https://images.openfoodfacts.org/images/products/328/423/000/6408/front_en.160.400.jpg"
"Croissance r√©duit en sucre","https://images.openfoodfacts.org/images/products/611/124/210/3528/front_fr.76.400.jpg"
"Philadelphia","https://images.openfoodfacts.org/images/products/762/220/169/3916/front_en.3.400.jpg"
"Beurre Frais Pasteuris√©","https://images.openfoodfacts.org/images/products/611/124/210/5331/front_fr.22.400.jpg"
"Eau min√©rale naturelle gazeuse","https://images.openfoodfacts.org/images/products/611/103/550/2941/front_fr.3.400.jpg"
"Pulco Citron","https://images.openfoodfacts.org/images/products/322/535/000/0501/front_fr.168.400.jpg"
"Tomato Ketchup","https://images.openfoodfacts.org/images/products/000/008/715/7215/front_en.208.400.jpg"
"Lidl Organic Dark Chocolate","https://images.openfoodfacts.org/images/products/000/004/089/6243/front_en.168.400.jpg"
"Heinz Ketchup","https://images.openfoodfacts.org/images/products/000/005/045/7243/front_en.84.400.jpg"
"Real Mayonnaise","https://images.openfoodfacts.org/images/products/872/270/047/9475/front_en.80.400.jpg"
"King cookies choco","https://images.openfoodfacts.org/images/products/611/125/934/3344/front_fr.18.400.jpg"
"BIO Basmati Reis Vollkorn","https://images.openfoodfacts.org/images/products/000/001/061/4594/front_de.83.400.jpg"
"Mediterranean Olive Oil","https://images.openfoodfacts.org/images/products/871/920/023/7902/front_en.29.400.jpg"
"Pesto Rosso","https://images.openfoodfacts.org/images/products/807/680/952/3547/front_en.481.400.jpg"
"Sirop d'Agave","https://images.openfoodfacts.org/images/products/308/854/350/6255/front_en.265.400.jpg"
"Carr√© Frais - Nature","https://images.openfoodfacts.org/images/products/348/034/100/0636/front_en.150.400.jpg"
"REAL MAYONNAISE","https://images.openfoodfacts.org/images/products/871/811/472/4485/front_en.46.400.jpg"
"Peripella","https://images.openfoodfacts.org/images/products/611/125/047/4405/front_fr.28.400.jpg"
"Yaourt tendre","https://images.openfoodfacts.org/images/products/611/124/210/2767/front_fr.4.400.jpg"
"Vanille au soja","https://images.openfoodfacts.org/images/products/541/118/810/3387/front_fr.353.400.jpg"
"Beurre bio cacahu√®te","https://images.openfoodfacts.org/images/products/376/009/172/7732/front_en.93.400.jpg"
"Weetabix produit √† base de bl√© complet 100%","https://images.openfoodfacts.org/images/products/501/002/900/0023/front_en.121.400.jpg"
"Almond Drink","https://images.openfoodfacts.org/images/products/405/648/934/6357/front_en.327.400.jpg"
"Total","https://images.openfoodfacts.org/images/products/520/105/401/7432/front_en.6.400.jpg"
"Wheat Bisks","https://images.openfoodfacts.org/images/products/408/860/024/7519/front_en.53.400.jpg"
"Rye and mixed seed sourdough bread","https://images.openfoodfacts.org/images/products/505/796/739/5088/front_en.36.400.jpg"
"Cappy pulpy","https://images.openfoodfacts.org/images/products/000/009/038/2383/front_fr.15.400.jpg"
"La g√¢che tranch√©e","https://images.openfoodfacts.org/images/products/358/722/000/2252/front_fr.236.400.jpg"
"Excellence Noir Subtil Doux 70% Cacao","https://images.openfoodfacts.org/images/products/304/692/002/9780/front_en.260.400.jpg"
"Bol Bol Ketchup","https://images.openfoodfacts.org/images/products/611/125/047/2241/front_fr.4.400.jpg"
"Tranches Au Go√ªt Cheddar","https://images.openfoodfacts.org/images/products/611/126/023/0619/front_ar.45.400.jpg"
"st hubert bio & v√©g√©tal","https://images.openfoodfacts.org/images/products/336/632/105/2386/front_fr.2354.400.jpg"
"Sour Cream & Onion","https://images.openfoodfacts.org/images/products/505/399/010/1597/front_en.55.400.jpg"
"Assaisonnement aromatis√© au citron","https://images.openfoodfacts.org/images/products/611/118/400/3276/front_ar.17.400.jpg"
"Muesli Raisin, Figue, Abricot","https://images.openfoodfacts.org/images/products/322/982/012/9488/front_fr.238.400.jpg"
"Nesquik","https://images.openfoodfacts.org/images/products/761/303/949/0266/front_en.146.400.jpg"
"Arome MAGGI","https://images.openfoodfacts.org/images/products/303/371/008/4913/front_en.257.400.jpg"
"Menguy's Peanut 100%","https://images.openfoodfacts.org/images/products/332/727/210/7969/front_en.59.400.jpg"
"Levure rafiaa","https://images.openfoodfacts.org/images/products/611/124/625/0013/front_fr.6.400.jpg"
"Sirop d'√©rable ambr√© go√ªt riche","https://images.openfoodfacts.org/images/products/308/854/250/0285/front_en.218.400.jpg"
"Tartines campagne 450g","https://images.openfoodfacts.org/images/products/376/004/979/1006/front_fr.144.400.jpg"
"Nutella","https://images.openfoodfacts.org/images/products/400/840/040/4127/front_en.251.400.jpg"
"Muscly la force pour grandir","https://images.openfoodfacts.org/images/products/611/124/210/1272/front_en.40.400.jpg"
"Chocolat Noir 92% cacao","https://images.openfoodfacts.org/images/products/841/051/001/2196/front_fr.3.400.jpg"
"pain de mie grandes tranches sp√©cial sandwich complet","https://images.openfoodfacts.org/images/products/405/648/900/7180/front_en.115.400.jpg"
"Seeded Sourdough Bread","https://images.openfoodfacts.org/images/products/408/860/024/6291/front_en.52.400.jpg"
"Granola L'Original","https://images.openfoodfacts.org/images/products/762/221/060/1988/front_en.168.400.jpg"
"Biscoff √† tartiner","https://images.openfoodfacts.org/images/products/541/012/600/6957/front_en.161.400.jpg"
"PRESSup ORANGE 1L","https://images.openfoodfacts.org/images/products/611/124/210/4198/front_fr.43.400.jpg"
"Concentr√© de tomates Aicha","https://images.openfoodfacts.org/images/products/611/102/109/0049/front_fr.4.400.jpg"
"Olla","https://images.openfoodfacts.org/images/products/611/125/175/3899/front_es.18.400.jpg"
"Cracotte C√©r√©ales Compl√®tes","https://images.openfoodfacts.org/images/products/304/109/006/3206/front_fr.156.400.jpg"
"Mix di frutta secca","https://images.openfoodfacts.org/images/products/000/002/081/5394/front_en.175.400.jpg"
"Special Muesli 30% fruits & noix","https://images.openfoodfacts.org/images/products/501/047/734/8678/front_fr.226.400.jpg"
"Runny Honey","https://images.openfoodfacts.org/images/products/501/127/304/0698/front_en.43.400.jpg"
"Oulm√®s eau minerale naturellement gazeuse","https://images.openfoodfacts.org/images/products/611/103/500/1024/front_fr.15.400.jpg"
"Dark Chocolate","https://images.openfoodfacts.org/images/products/505/969/773/1860/front_en.36.400.jpg"
"Icelandic Style Yogurt","https://images.openfoodfacts.org/images/products/401/624/103/0573/front_en.42.400.jpg"
"Chips","https://images.openfoodfacts.org/images/products/501/776/412/8104/front_en.3.400.jpg"
"P√¢te d'arachide","https://images.openfoodfacts.org/images/products/819/870/123/4564/front_es.11.400.jpg"
"Pringles Sare","https://images.openfoodfacts.org/images/products/505/399/010/1573/front_en.44.400.jpg"
"BUTTERY","https://images.openfoodfacts.org/images/products/871/920/026/9743/front_en.40.400.jpg"
"wasa","https://images.openfoodfacts.org/images/products/730/040/048/1571/front_fr.1734.400.jpg"
"Ricor√© original","https://images.openfoodfacts.org/images/products/761/303/567/6497/front_en.258.400.jpg"
"Creamy Yogurt Greek Style","https://images.openfoodfacts.org/images/products/000/002/004/7559/front_en.229.400.jpg"
"Henry's Sable Coco Biscuit 85G","https://images.openfoodfacts.org/images/products/336/260/000/1106/front_fr.15.400.jpg"
"Cracotte","https://images.openfoodfacts.org/images/products/304/109/006/3114/front_en.204.400.jpg"
"Biscuit raisins","https://images.openfoodfacts.org/images/products/317/568/185/1856/front_en.161.400.jpg"
"Seriously Good Times Mayonnaise","https://images.openfoodfacts.org/images/products/500/015/707/6410/front_en.46.400.jpg"
"delicimou chocolat","https://images.openfoodfacts.org/images/products/611/126/696/2446/front_fr.30.400.jpg"
"Mayfine","https://images.openfoodfacts.org/images/products/611/118/000/3102/front_fr.14.400.jpg"
"Nesquik Cocoa","https://images.openfoodfacts.org/images/products/761/328/743/1943/front_fr.10.400.jpg"
"Nutri+ avoine chocolat","https://images.openfoodfacts.org/images/products/322/982/079/4525/front_fr.118.400.jpg"
"Pringles Original","https://images.openfoodfacts.org/images/products/505/399/015/6009/front_fr.230.400.jpg"
"Go√ªt chocolat","https://images.openfoodfacts.org/images/products/306/199/014/3365/front_en.95.400.jpg"
"Everyday White Rolls","https://images.openfoodfacts.org/images/products/502/512/500/0150/front_en.3.400.jpg"
"Organic Chicken Stock Cubes -  8 Pack","https://images.openfoodfacts.org/images/products/501/366/511/2235/front_en.80.400.jpg"
"Strawberry Jam","https://images.openfoodfacts.org/images/products/304/532/009/4008/front_en.14.400.jpg"
"digestives","https://images.openfoodfacts.org/images/products/500/016/803/6755/front_en.38.400.jpg"
"Harrys brioche tressee nature au sucre perle sans additifs 500g","https://images.openfoodfacts.org/images/products/322/885/700/1231/front_fr.142.400.jpg"
"Quick oats","https://images.openfoodfacts.org/images/products/500/010/802/2152/front_en.61.400.jpg"
"Maille Moutarde Fine de Dijon L'Originale Bocal 360g","https://images.openfoodfacts.org/images/products/872/018/255/6738/front_fr.46.400.jpg"
"Tartines craquantes quinoa - pois chiche sans gluten","https://images.openfoodfacts.org/images/products/000/000/615/3153/front_fr.76.400.jpg"
"Protein Cacahuetesü•ú & Chocolatüç´","https://images.openfoodfacts.org/images/products/841/007/661/0737/front_fr.68.400.jpg"
"Crunchy Peanut Butter","https://images.openfoodfacts.org/images/products/501/366/510/8801/front_en.44.400.jpg"
"Brazil Nuts","https://images.openfoodfacts.org/images/products/000/002/020/2392/front_en.284.400.jpg"
"Paysan Breton - Le Fromage Fouett√© Madame Lo√Øk - Nature au Sel de Gu√©rande","https://images.openfoodfacts.org/images/products/341/229/007/0101/front_fr.104.400.jpg"
"Delicia double concentre de tomates","https://images.openfoodfacts.org/images/products/611/116/200/1201/front_en.19.400.jpg"
"Vip crema gold","https://images.openfoodfacts.org/images/products/611/125/047/3453/front_en.13.400.jpg"
"LIGHTLY SALTED LOW FAT CORN CAKES","https://images.openfoodfacts.org/images/products/501/366/511/1610/front_en.39.400.jpg"
"A√Øn Ifran Eau min√©rale naturelle","https://images.openfoodfacts.org/images/products/611/125/142/0272/front_en.23.400.jpg"
"Menguy's Beurre de cacahu√®tes creamy","https://images.openfoodfacts.org/images/products/332/727/210/7259/front_en.49.400.jpg"
"Eau minerale","https://images.openfoodfacts.org/images/products/611/103/500/1383/front_fr.25.400.jpg"
"100% mie complet 500g","https://images.openfoodfacts.org/images/products/322/885/700/0166/front_fr.1848.400.jpg"
"Figolu","https://images.openfoodfacts.org/images/products/762/220/113/3337/front_en.122.400.jpg"
"Crumpets","https://images.openfoodfacts.org/images/products/501/004/400/0701/front_en.74.400.jpg"
"Nutritional Yeast Flakes","https://images.openfoodfacts.org/images/products/501/608/400/0374/front_en.78.400.jpg"
"Krit krititas galletas saladas","https://images.openfoodfacts.org/images/products/843/416/546/6333/front_en.44.400.jpg"
"Star Mayonnaise","https://images.openfoodfacts.org/images/products/611/118/400/0657/front_en.31.400.jpg"
"BjORG AMANDE ALMOND SANS SUCRE- NO SUGAR","https://images.openfoodfacts.org/images/products/322/982/078/7015/front_en.165.400.jpg"
"Digestive Avena Choco","https://images.openfoodfacts.org/images/products/841/037/602/6962/front_en.138.400.jpg"
"Chip Choco Zero Sin Az√∫cares","https://images.openfoodfacts.org/images/products/841/037/600/9415/front_es.178.400.jpg"
"D√©licia - Confiture d'abricot","https://images.openfoodfacts.org/images/products/611/116/200/0723/front_fr.17.400.jpg"
"Tartine doux","https://images.openfoodfacts.org/images/products/315/525/120/5302/front_en.88.400.jpg"
"ProActiv Margarine Tartine","https://images.openfoodfacts.org/images/products/871/920/001/2608/front_fr.78.400.jpg"
"Coco D√©licieuse et Tropicale","https://images.openfoodfacts.org/images/products/541/118/811/6592/front_en.405.400.jpg"
"41022","https://images.openfoodfacts.org/images/products/611/117/500/0741/front_ar.6.400.jpg"
"flan caram jao dan","https://images.openfoodfacts.org/images/products/611/124/210/2019/front_fr.39.400.jpg"